,Unnamed: 0,Unnamed: 0.1,Unnamed: 0.1.1,Unnamed: 0.1.1.1,Unnamed: 0.1.1.1.1,idx1,idx2,Name_1,Name_2,Name_DL,Name_CS,Addr_CS,Addr_LCS,Address_1,Address_2,StrNum_Match,StrName_DL,StrName_CS,PC_Match,Distance,ISCED020_Match,ISCED1_Match,ISCED2_Match,ISCED3_Match,ISCED4+_Match,Check_1,Check_2,manual,idx_keep,idx_name,reason,errors,hierarchy_keep
50,50,50,50,50,50,ac4d74cfe2a9f68fd906,187e266030d641cbd9ec,St Mary s Elementary School,St Mary s Elementary School,1.0,1.0,0.790183677,0.493150685,5207 42ND ST LLOYDMINSTER sk T9V 1M8,5207 42 Street Lloydminster AB T9V1M8,1,0.714285714,0.721687836,1,0.0,1,1,1,1,1,False,False,True,187e266030d641cbd9ec,idx2,correct prov,,187e266030d641cbd9ec
51,51,51,51,51,51,0f9dcdd6ca45c5178f4f,586fbd9fa0f3014ed6cb,St Joseph Elementary School,St Joseph s Elementary School,0.931034483,0.973728991,0.853341367,0.467532468,5706 27TH STREET LLOYDMINSTER sk T9V 2B8,5706 27 Street Lloydminster AB T9V2B8,1,0.714285714,0.721687836,1,0.0,1,1,1,1,1,False,False,True,586fbd9fa0f3014ed6cb,idx2,correct prov,,586fbd9fa0f3014ed6cb
52,52,52,52,52,52,b9bd20272187edb7e36f,fc0b366545de5b5c7a6e,Mother Teresa Early Childhood Education Center,Mother Teresa Early Childhood Education Centre,0.97826087,0.949546915,0.800055369,0.493150685,5216 44TH ST LLOYDMINSTER sk T9V 1R6,5216 44 Street Lloydminster AB T9V1R6,1,0.714285714,0.721687836,1,0.0,1,1,1,1,1,False,False,True,fc0b366545de5b5c7a6e,idx2,correct prov,,fc0b366545de5b5c7a6e
53,53,53,53,53,53,d0b9934700dc6073307a,4bd1bec11a03880469b4,Lloydminster Comprehensive High School,Lloydminster Comprehensive High School,1.0,1.0,0.795238443,0.493150685,5615 42ND ST LLOYDMINSTER sk T9V 0A2,5615 42 Street Lloydminster AB T9V0A2,1,0.714285714,0.721687836,1,0.0,1,1,1,1,1,False,False,True,4bd1bec11a03880469b4,idx2,correct prov,,4bd1bec11a03880469b4
54,54,54,54,54,54,63fbef77d9e27d882aa5,248e17fa1d0c5044761b,Holy Rosary High School,Holy Rosary High School,1.0,1.0,0.899387501,0.469135802,6611A 39TH STREET LLOYDMINSTER sk T9V 2Z4,6611A 39th Street Lloydminster AB T9V2Z4,1,1.0,1.0,1,0.0,1,1,1,1,1,False,True,True,248e17fa1d0c5044761b,idx2,correct prov,,248e17fa1d0c5044761b
55,55,55,55,55,55,113bb1f873e8c6523dd4,5eb6f92e4881283d65f7,College Park School,College Park School,1.0,1.0,0.880078233,0.52173913,2115 56 AVE LLOYDMINSTER sk T9V 2W2,2115 56 Ave Lloydminster AB T9V2W2,1,1.0,1.0,1,0.0,1,1,1,1,1,False,True,True,5eb6f92e4881283d65f7,idx2,correct prov,,5eb6f92e4881283d65f7
68,68,68,68,68,68,9b924df327a8cf7cb5a8,ac69eb57dd676726b34a,Providence Children s Centre,Providence Children s Centre Midnapore,0.736842105,0.922224668,1.0,1.0,5232 4 Street SW Calgary AB T2V0Z4,5232 4 Street SW Calgary AB T2V0Z4,1,1.0,1.0,1,0.0,1,1,1,1,1,True,True,True,9b924df327a8cf7cb5a8,idx1,correct name for location,"midnapore location should be 104-14707 Bannister Rd SE, Calgary",9b924df327a8cf7cb5a8
69,69,69,69,69,69,9b924df327a8cf7cb5a8,cb4627a46e2acddd582e,Providence Children s Centre,Providence Children s Centre Hawkwood,0.756756757,0.909353109,1.0,1.0,5232 4 Street SW Calgary AB T2V0Z4,5232 4 Street SW Calgary AB T2V0Z4,1,1.0,1.0,1,0.0,1,1,1,1,1,True,True,True,cb4627a46e2acddd582e,idx2,correct name for location,,cb4627a46e2acddd582e
89,89,89,89,89,89,fd490baf48b82522304f,e52d59da07657d97aee7,New Rockport Colony School,Rockport Colony School,0.846153846,0.928476691,0.956182887,0.943396226,PO Box 10 Cardston AB T0K0K0,Box 10 Cardston AB T0K0K0,0,0.0,0.0,1,,0,1,1,1,1,True,False,True,fd490baf48b82522304f,idx1,longer address,,fd490baf48b82522304f
95,95,95,95,95,95,36d7e06da69acc296fa7,857aeee20f502214e730,Bishop Murray High School,Bishop Murray High School FSP,0.862068966,0.939895399,0.953661207,0.935064935,615 WIGGINS AVENUE SASKATOON sk S7H 2J2,615 WIGGINS AVE S SASKATOON sk S7H 2J2,1,0.833333333,0.934198733,1,0.0,1,1,1,1,1,True,True,True,857aeee20f502214e730,idx2,includes direction,,857aeee20f502214e730
151,151,151,151,151,151,dec2f767d1f6a65d1722,ec682e70b6f04503c8df,Stanford International College of Business & Technology,Stanford International College of Business & Technology,1.0,1.0,0.944945335,0.96,1011 Eglinton Ave East Suite 1 Mississauga Ontario L4K1K4 Canada,1011 Eglinton Ave E Suite 7 Mississauga Ontario L4K1K4 Canada,1,1.0,1.0,1,0.0,1,1,1,1,1,True,True,True,dec2f767d1f6a65d1722,idx1,correct unit,,dec2f767d1f6a65d1722
153,153,153,153,153,153,8cb86be9ccc41ff1fab7,3dc0c54ca79699145bd4,Peel Alternative South,Peel Alternative South ISR,0.846153846,0.922958207,1.0,0.772727273,1500 Ogden Avenue Mississauga Ontario L5E2H8,1500 Ogden Avenue MISSISSAUGA Ontario L5E2H8,1,1.0,1.0,1,0.0,1,1,1,1,1,True,True,True,8cb86be9ccc41ff1fab7,idx1,format,,8cb86be9ccc41ff1fab7
186,186,186,186,186,186,f12998374385ecaa95bd,d26cacf96fb6686f650a,FH International High School,FH International High School Online,0.8,0.922122855,0.827076027,0.863636364,670 Progress Avenue Toronto Ontario M1H3A4,670 Progress Avenue Scarborough Ontario M1H3A4,1,1.0,1.0,1,0.0,1,1,1,1,1,False,True,True,d26cacf96fb6686f650a,idx2,correct city,,d26cacf96fb6686f650a
204,204,204,204,204,204,51e4159014a53e5056fe,fa3f57cd33111b17b3e0,Associated Hebrew Schools of Toronto,Associated Hebrew Schools of Toronto,1.0,1.0,0.948907547,0.911392405,252 Finch Ave W Toronto Ontario M2R1M9,252 Finch West Ave Toronto Ontario M2R1M9,1,0.6,1.0,1,,1,1,1,1,1,True,True,True,51e4159014a53e5056fe,idx1,format,,51e4159014a53e5056fe
216,216,216,216,216,216,4178e7b99152f0216a41,afc491d5c8c646441df0,King Heights Academy Woodbridge,King Heights Academy Woodbridge,1.0,1.0,0.792500514,0.795454545,201 & 202 28 Rotec Road Woodbridge Ontario L4L8E4,28 Rotec Road Woodbridge Ontario L4K5T7,1,1.0,1.0,0,,1,1,1,1,1,False,True,True,4178e7b99152f0216a41,idx1,correct postal and units,,4178e7b99152f0216a41
257,257,257,257,257,257,e4aa688529a01fae8251,3e44ed980b6e7b38ea2c,Cegep Baie Comeau,Cegep de Baie Comeau,0.85,0.939148551,0.724775946,0.701298701,537 Bleau Baie Comeau Quebec G5C2B2 Canada,537 boul Blanche Baie Comeau G5C2B2,1,0.25,0.316227766,1,,1,1,1,1,1,False,False,True,3e44ed980b6e7b38ea2c,idx2,Quebec > ESDC,,3e44ed980b6e7b38ea2c
258,258,258,258,258,258,f6b939d17f33ca9b70e6,dc6d6893e8e9a2ad6fbf,Universite du Quebeca Chicoutimi,Universite du Quebec a Chicoutimi,0.96969697,0.955330294,0.730630043,0.6875,555 Boul De L Universite Chicoutimi Quebec G7H2B1 Canada,555 boul de l Universite Saguenay G7H2B1,1,1.0,1.0,1,0.570201485,1,1,1,1,1,False,True,True,f6b939d17f33ca9b70e6,idx1,correct city,,dc6d6893e8e9a2ad6fbf
263,263,263,263,263,263,52d56cac9980639e92e0,5ca75a4c019c03c7e350,Universite du Quebec en Abitibi Temiscamingue,Universite du Quebec en Abitibi Temiscamingue,1.0,1.0,0.847458633,0.810810811,445 boul de l Universite CP 700 Rouyn Noranda Quebec J9X5E4 Canada,445 boul de l Universite Rouyn Noranda J9X5E4,1,1.0,1.0,1,0.066276509,1,1,1,1,1,False,True,True,5ca75a4c019c03c7e350,idx2,processed address,,5ca75a4c019c03c7e350
264,264,264,264,264,264,7.99717E+18,9129554186e04e0053df,Cegep de l Abitibi Temiscamingue,Cegep de l Abitibi Temiscamingue,1.0,1.0,0.867721831,0.842105263,425 boul du College Rouyn Noranda Quebec J9X 5E5 Canada,425 boul du College Rouyn Noranda J9X5E5,1,1.0,1.0,1,0.10651346,1,1,1,1,1,False,True,True,7.99717E+18,idx1,longer address,,Item not found.
275,275,275,275,275,275,0c66f3ddb19f32da928a,1fe87f251a105ed40382,College CDI Administration Technologie Sante Pointe Claire,College CDI Administration Technologie Sante Pointe Claire,1.0,1.0,0.919792543,0.873563218,1000 boul St Jean Bureau 500 Pointe Claire H9R5P1,1000 boul St Jean Pointe Claire H9R5P1,1,1.0,1.0,1,0.0,1,1,1,1,1,True,True,True,1fe87f251a105ed40382,idx2,processed address,,1fe87f251a105ed40382
290,290,290,290,290,290,be65a5bff1303369e8e6,18d8df10608ed7c8e951,Syn Studio,Syn Studio,1.0,1.0,0.750289519,0.793103448,460 Saint Catherine West #508 Montreal Quebec H3B1A7 Canada,460 rue Sainte Catherine Ouest bureau 508 Montreal H3B1A7,1,0.545454545,0.654330305,1,0.025870627,1,1,1,1,1,False,False,True,18d8df10608ed7c8e951,idx2,Quebec > ESDC,,18d8df10608ed7c8e951
312,312,312,312,312,312,a47341d6d8f901f24a9b,3c7fb194027eb13afb68,Institut Grasset,Institut Grasset,1.0,1.0,0.896593488,0.857142857,220 Avenue Fairmount Ouest Montreal Quebec H2T2M7 Canada,220 Avenue Fairmount Ouest Montreal H2T2M7,1,1.0,1.0,1,0.02776284,1,1,1,1,1,False,True,True,a47341d6d8f901f24a9b,idx1,longer address,,3c7fb194027eb13afb68
317,317,317,317,317,317,b407b6d424128a93cdf8,9f7a84416f7ee51e4e2d,Ecole de Stenographie Judiciaire du Quebec,Ecole de stenographie judiciaire du Quebec,0.952380952,1.0,0.829250436,0.788461538,465 rue Saint Jean bureau 505 Montreal QC Quebec H2Y2R6 Canada,465 rue St Jean Bureau 505 Montreal H2Y2R6,1,0.785714286,0.819891592,1,0.017232668,1,1,1,1,1,False,False,True,b407b6d424128a93cdf8,idx1,longer address,,9f7a84416f7ee51e4e2d
319,319,319,319,319,319,69737111bafaea0edc90,a3a5cc9812870a5ba497,Ecole National de Cirque,Ecole nationale de cirque,0.88,0.966987557,0.693232593,0.684931507,8181 2nd Ave Montreal Quebec H1Z 2N9 Canada,8181 2e Avenue Montreal H1Z4N9,1,0.666666667,0.6172134,0,0.045159665,1,1,1,1,1,False,False,True,69737111bafaea0edc90,idx1,longer address,,a3a5cc9812870a5ba497
326,326,326,326,326,326,4f7773cfec92f3f24869,ba2b5979f12cf9f36037,College TAV,TAV College,0.272727273,1.0,0.782881361,0.744186047,6333 boul Decarie Montreal H3W3E1,6333 Decarie Boulevard Montreal Quebec H3W 3E1 Canada,1,0.166666667,1.0,1,0.016235161,1,1,1,1,1,False,True,True,ba2b5979f12cf9f36037,idx2,longer address,,4f7773cfec92f3f24869
331,331,331,331,331,331,cdbb935178442e432a47,8b2b882fb963720f9df5,College LaSalle,Lasalle College,0.2,1.0,0.805276232,0.740740741,2000 rue Sainte Catherine Ouest Montreal H3H2T2,2000 Sainte Catherine St W R D Montreal Quebec H3H 2T2 Canada,1,0.52,0.773001206,1,0.002645851,0,0,0,0,1,False,False,True,cdbb935178442e432a47,idx1,Quebec > ESDC,,cdbb935178442e432a47
332,332,332,332,332,332,36863398e7183833c998,8b2b882fb963720f9df5,College LaSalle,Lasalle College,0.2,1.0,0.770784029,0.7,2000 rue Sainte Catherine Ouest Bureau 2000 Montreal H3H2T2,2000 Sainte Catherine St W R D Montreal Quebec H3H 2T2 Canada,1,0.52,0.773001206,1,0.002645851,1,1,1,1,1,False,False,True,36863398e7183833c998,idx1,Quebec > ESDC,,36863398e7183833c998
333,333,333,333,333,333,36863398e7183833c998,cdbb935178442e432a47,College LaSalle,College LaSalle,1.0,1.0,0.930033468,0.886792453,2000 rue Sainte Catherine Ouest Bureau 2000 Montreal H3H2T2,2000 rue Sainte Catherine Ouest Montreal H3H2T2,1,1.0,1.0,1,0.0,0,0,0,0,1,False,False,True,36863398e7183833c998,idx1,longer address,,36863398e7183833c998
339,339,339,339,339,339,16540790d776ce9c9942,f499438bb99beb32aa46,College de Photographie Marsan,College de photographie Marsan inc ,0.828571429,0.952353266,0.728357041,0.666666667,3536 St Laurent Blvd Montreal Quebec H2X 2V1 Canada,3536 boul Saint Laurent Montreal H2X2V1,1,0.222222222,0.56577895,1,0.032836563,1,1,1,1,1,False,False,True,f499438bb99beb32aa46,idx2,Quebec > ESDC,,f499438bb99beb32aa46
340,340,340,340,340,340,14eaadaa92653510dae8,698c4ba35d9650184144,College de L immobilier du Quebec,College de l immobilier du Quebec,0.96969697,1.0,0.528910357,0.476190476,600 Chemin du Golf Ile des Soeurs Quebec H3E1A8 Canada,600 ch du Golf Montreal H3E1A8,1,1.0,1.0,1,0.099606774,1,1,1,1,1,False,True,True,14eaadaa92653510dae8,idx2,longer address,,698c4ba35d9650184144
341,341,341,341,341,341,a9b0d71f99f04689ba74,37460002dd823cbe2151,College de Bois De Boulogne,Cegep de Bois de Boulogne,0.814814815,0.912870929,0.864800647,0.735849057,10555 Avenue De Bois De Boulogne Montreal Quebec H4N1L4 Canada,10555 av de Bois de Boulogne Montreal H4N1L4,1,1.0,1.0,1,0.129692797,1,1,1,1,1,False,True,True,a9b0d71f99f04689ba74,idx1,longer address,,37460002dd823cbe2151
342,342,342,342,342,342,47636ea54078a19b76d2,71c53e7da6a52a928a34,College Salette,College Salette inc ,0.75,0.912870929,0.805629233,0.777777778,3536 Boul St Laurent Montreal Quebec H2X 2V1 Canada,3536 boul Saint Laurent Montreal H2X2V1,1,0.833333333,0.872871561,1,0.032836563,1,1,1,1,1,False,False,True,71c53e7da6a52a928a34,idx2,Quebec > ESDC,,71c53e7da6a52a928a34
343,343,343,343,343,343,bde3f5e9ed56925efda6,17856742b2d6a86e7dda,College O sullivan de Montreal,College O Sullivan de Montreal inc ,0.828571429,0.947330933,0.898100419,0.847826087,1191 rue de la Montagne Montreal Quebec H3G1Z2 Canada,1191 rue de la Montagne Montreal H3G1Z2,1,1.0,1.0,1,0.021363467,1,1,1,1,1,False,True,True,bde3f5e9ed56925efda6,idx1,longer address,,17856742b2d6a86e7dda
344,344,344,344,344,344,88c9dbd94112a78ded95,017420a9725ecac5769b,College Inter Dec,College Inter Dec,1.0,1.0,0.828026497,0.75862069,2000 rue Sainte Catherine W Suite 8000 Montreal Quebec H3H 2T2 Canada,2000 rue Sainte Catherine Ouest Montreal H3H2T2,1,0.909090909,0.864126412,1,0.010796475,1,1,1,1,1,False,False,True,017420a9725ecac5769b,idx2,Quebec > ESDC,,017420a9725ecac5769b
347,347,347,347,347,347,3728991eb49f4ab6594f,1d0478e4ee937d4e9633,Cegep Gerald Godin,Cegep Gerald Godin,1.0,1.0,0.791925562,0.782608696,15615 boul Gauvin Ouest Montreal Quebec H9H 5K8 Canada,15615 boul Gouin Ouest Montreal H9H5K8,1,0.846153846,0.759072115,1,,1,1,1,1,1,False,False,True,1d0478e4ee937d4e9633,idx2,Quebec > ESDC,,1d0478e4ee937d4e9633
350,350,350,350,350,350,0eb442ce27fef044a104,68d2736cf9c46a9c39dc,CEGEP du Vieux Montreal,Cegep du Vieux Montreal,0.826086957,1.0,0.837707817,0.8,255 Rue Ontario Est Montreal Quebec H2X 1X6 Canada,255 rue Ontario Est Montreal H2X1X6,1,1.0,1.0,1,0.073897416,1,1,1,1,1,False,True,True,0eb442ce27fef044a104,idx1,longer address,,68d2736cf9c46a9c39dc
378,378,378,378,378,378,947e17ab521fd2fbbd5e,342b921a35a77dbe533b,Cegep Edouard Montpetit,Cegep Edouard Montpetit,1.0,1.0,0.83452296,0.734177215,945 Ch Chambly Longueuil Quebec J4H3M6 Canada,945 ch de Chambly Longueuil J4H3M6,1,0.769230769,0.912870929,1,0.084860066,1,1,1,1,1,False,True,True,947e17ab521fd2fbbd5e,idx1,longer address,,342b921a35a77dbe533b
384,384,384,384,384,384,5f4ebb5e1e4f12c3018c,f839821ce415fd74b407,Institut de Technologie Agroalimentaire St Hyacinthe,Institut de technologie agroalimentaire campus de Saint Hyacinthe,0.769230769,0.932179375,0.8610584,0.816326531,3230 rue Sicotte Saint Hyacinthe Quebec J2S7B3 Canada,3230 rue Sicotte CP 70 Saint Hyacinthe J2S7B3,1,1.0,1.0,1,0.26660948,1,1,1,1,1,False,True,True,5f4ebb5e1e4f12c3018c,idx1,longer address,,f839821ce415fd74b407
389,389,389,389,389,389,e8b1197078cd703f2eea,d3148d0e6842dd42455a,Universite de Sherbrooke,Universite de Sherbrooke,1.0,1.0,0.87210285,0.792079208,2500 Boul De L Universite Sherbrooke Quebec J1K 2R1 Canada,2500 boul de l Universite Sherbrooke J1K2R1,1,1.0,1.0,1,0.796790661,1,1,1,1,1,False,True,True,e8b1197078cd703f2eea,idx1,longer address,,d3148d0e6842dd42455a
391,391,391,391,391,391,dba0e9caf257ef7de070,3679377a061ce8b49330,CEGEP de Sherbrooke,Cegep de Sherbrooke,0.789473684,1.0,0.864534642,0.804878049,475 Rue du Cegep Sherbrooke Quebec J1E4K1 Canada,475 rue du Cegep Sherbrooke J1E4K1,1,1.0,1.0,1,0.064115739,1,1,1,1,1,False,True,True,dba0e9caf257ef7de070,idx1,longer address,,3679377a061ce8b49330
398,398,398,398,398,398,205ad38606f1bcaf3145,018632635315832511fa,Universite du Quebec Trois Rivieres,Universite du Quebec a Trois Rivieres,0.945945946,0.977008421,0.901849951,0.816326531,3351 Boul Des Forges Trois Rivieres Quebec G9A5H7 Canada,3351 boul des Forges Trois Rivieres G9A5H7,1,1.0,1.0,1,,1,1,1,1,1,True,True,True,205ad38606f1bcaf3145,idx1,longer address,,018632635315832511fa
400,400,400,400,400,400,452c39b9b9c83733f02d,b80ce0ee6f40b843b1e2,College Lafleche,College Lafleche,1.0,1.0,0.780189498,0.721649485,1687 Blvd Du Carmel Trois Rivieres Quebec G8Z 3R8 Canada,1687 boul du Carmel Trois Rivieres G8Z3R8,1,0.785714286,0.751469149,1,0.142167479,1,1,1,1,1,False,False,True,452c39b9b9c83733f02d,idx1,longer address,,b80ce0ee6f40b843b1e2
402,402,402,402,402,402,d76159564e6c9492a4b4,fa75159b36cd5bc8bdf8,CEGEP DE THETFORD,Cegep de Thetford,0.235294118,1.0,0.804779715,0.814159292,671 boul Frontenac Ouest Thetford Mines Quebec Quebec G6G1N1 Canada,671 boul Frontenac Ouest Thetford Mines G6G1N1,1,1.0,1.0,1,0.19363479,1,1,1,1,1,False,True,True,d76159564e6c9492a4b4,idx1,longer address,,fa75159b36cd5bc8bdf8
405,405,405,405,405,405,6e2ab3e0a59c0a65f307,c15607aeb91c64f989eb,Universite du Quebec Tele Universite,Universite du Quebec,0.555555556,0.906424986,0.814618279,0.684210526,455 Rue Du Parvis Quebec Quebec G1K9H6 Canada,475 rue du Parvis Quebec G1K9H7,0,0.65,0.835917319,0,0.037033112,1,1,1,1,1,False,False,True,6e2ab3e0a59c0a65f307,idx1,correct postal,,c15607aeb91c64f989eb
406,406,406,406,406,406,6a30e470ba720bd3b66e,e1d29ed6830077341b58,Universite Laval,Universite Laval,1.0,1.0,0.565919324,0.375,Bureau bourses et aide finan Pavillon Alphonse Desjardins 2325 rue de l Universite loc Quebec Quebec G1V0A6 Canada,Universite Laval Quebec G1V0A6,0,0.0,0.0,1,0.043356382,1,1,1,1,1,False,False,True,6a30e470ba720bd3b66e,idx1,longer address,,e1d29ed6830077341b58
407,407,407,407,407,407,6764592561beca5d0133,6e2ab3e0a59c0a65f307,Tele universite,Universite du Quebec Tele Universite,0.388888889,0.901491302,0.900367572,0.763157895,455 rue du Parvis Quebec G1K9H6,455 Rue Du Parvis Quebec Quebec G1K9H6 Canada,1,1.0,1.0,1,0.037033112,1,1,1,1,1,True,True,True,6e2ab3e0a59c0a65f307,idx2,longer address,,6764592561beca5d0133
412,412,412,412,412,412,dfa4078a0e714468c185,2c86f6c7bcee681901a4,Institut national de la recherche scientifique,Institut national de recherche scientifiques,0.913043478,0.952728874,0.92245011,0.837209302,490 rue de la Couronne Quebec G1K9A9,490 rue de la Couronne Quebec Quebec G1K9A9 Canada,1,1.0,1.0,1,0.057464976,1,1,1,1,1,True,True,True,dfa4078a0e714468c185,idx1,longer address,,dfa4078a0e714468c185
426,426,426,426,426,426,a158fe4e35700789f4c6,421301fe08a5a04fa2d7,Universite du Quebec Rimouski,Universite du Quebec a Rimouski,0.935483871,0.968245837,0.870988341,0.847826087,300 Allee Des Ursulines Rimouski Quebec G5L3A1 Canada,300 allee des Ursulines Rimouski G5L3A1,1,1.0,1.0,1,0.229075082,1,1,1,1,1,False,True,True,a158fe4e35700789f4c6,idx1,longer address,,421301fe08a5a04fa2d7
427,427,427,427,427,427,3206b5ecf2301a950622,89fb48b1f0d6f9a8e049,Institut Maritime du Quebec,Institut maritime du Quebec,0.962962963,1.0,0.820782682,0.791208791,53 St Germain Ouest Rimouski Quebec G5L4B4 Canada,53 rue Saint Germain Ouest Rimouski G5L4B4,1,0.631578947,0.792593924,1,0.077740184,1,1,1,1,1,False,False,True,3206b5ecf2301a950622,idx1,longer address,,89fb48b1f0d6f9a8e049
431,431,431,431,431,431,331cdbbfb8fa84b250b6,9c7654e3cf2d623877f5,Atlantic Hairstyling and Aesthetics Academy,Atlantic Hairstyling and Aesthetics Academy Ltd,0.914893617,0.971123245,0.975239917,0.990654206,23 Sunbury St Fredericton New Brunswick E3B 3S9 Canada,23 Sunbury St Fredericton New Brunswick E3B3S9 Canada,1,1.0,1.0,1,0.0,1,1,1,1,1,True,True,True,331cdbbfb8fa84b250b6,idx1,name matches web,,331cdbbfb8fa84b250b6
